Periode,Revenue,Orders,AOV,Quantity
2023-12,23850125,444,53716.497747747744,1106.0
2024-01,24583771,431,57038.91183294664,1447.0
2024-02,21289221,389,54728.074550128535,946.0
2024-03,30259734,453,66798.5298013245,2592.0
2024-04,21375845,492,43446.83943089431,1294.0
2024-05,35698482,620,57578.19677419355,1322.0
2024-06,32592424,697,46761.010043041606,1720.0
2024-07,63791545,1270,50229.56299212598,3063.0
2024-08,66035835,1293,51071.798143851505,3166.0
2024-09,71520722,1123,63687.19679430098,2775.0
2024-10,68574216,1217,56346.93179950699,3030.0
2024-11,55078418,1037,53113.22854387657,2492.0
2025-01,53569129,1150,46581.85130434782,2547.0
2025-02,53262093,957,55655.26959247649,2435.0
2025-03,43890410,628,69889.18789808918,2996.0
2025-04,35369806,824,42924.521844660194,1939.0
2025-05,29330956,819,35813.13308913309,1627.0
2025-06,30741821,615,49986.70081300813,1455.0
2025-08,47049160,942,49946.02972399151,2168.0
2025-09,47130865,1131,41671.85234305924,2478.0
2025-10,61619983,1205,51136.9153526971,2424.0
2025-11,45477240,1131,40209.76127320955,2666.0
