Tahun_Bulan,Revenue,Orders,Quantity,Cancelled_Orders,AOV,Revenue_Growth,Order_Growth,Periode
2023-12,23850125,444,1106.0,92,53716.497747747744,,,2023-12
2024-01,24583771,431,1447.0,64,57038.91183294664,3.076067735494048,-2.9279279279279313,2024-01
2024-02,21289221,389,946.0,62,54728.074550128535,-13.401320733096645,-9.744779582366592,2024-02
2024-03,30259734,453,2592.0,64,66798.5298013245,42.13640790332347,16.45244215938304,2024-03
2024-04,21375845,492,1294.0,89,43446.83943089431,-29.358780880228498,8.609271523178808,2024-04
2024-05,35698482,620,1322.0,95,57578.19677419355,67.00384008211138,26.016260162601633,2024-05
2024-06,32592424,697,1720.0,89,46761.010043041606,-8.70081254435413,12.419354838709683,2024-06
2024-07,63791545,1270,3063.0,156,50229.56299212598,95.72507095513976,82.20946915351506,2024-07
2024-08,66035835,1293,3166.0,196,51071.798143851505,3.5181621639670313,1.8110236220472364,2024-08
2024-09,71520722,1123,2775.0,156,63687.19679430098,8.305925108692879,-13.147718484145399,2024-09
2024-10,68574216,1217,3030.0,159,56346.93179950699,-4.119793421548512,8.37043633125556,2024-10
2024-11,55078418,1037,2492.0,145,53113.22854387657,-19.68057206807876,-14.790468364831554,2024-11
2025-01,53569129,1150,2547.0,145,46581.85130434782,-2.7402548126926995,10.89681774349085,2025-01
2025-02,53262093,957,2435.0,122,55655.26959247649,-0.5731584696850311,-16.78260869565218,2025-02
2025-03,43890410,628,2996.0,112,69889.18789808918,-17.595408802278946,-34.37826541274818,2025-03
2025-04,35369806,824,1939.0,146,42924.521844660194,-19.413361597670196,31.21019108280254,2025-04
2025-05,29330956,819,1627.0,170,35813.13308913309,-17.073460906175175,-0.6067961165048597,2025-05
2025-06,30741821,615,1455.0,95,49986.70081300813,4.810156886805861,-24.90842490842491,2025-06
2025-08,47049160,942,2168.0,87,49946.02972399151,53.046106149664986,53.170731707317074,2025-08
2025-09,47130865,1131,2478.0,115,41671.85234305924,0.17365878583166516,20.06369426751593,2025-09
2025-10,61619983,1205,2424.0,113,51136.9153526971,30.74231291956979,6.542882404951378,2025-10
2025-11,45477240,1131,2666.0,101,40209.76127320955,-26.19725325143306,-6.141078838174274,2025-11
