Periode,Ada_Data,Status
2023-12,True,Tersedia
2024-01,True,Tersedia
2024-02,True,Tersedia
2024-03,True,Tersedia
2024-04,True,Tersedia
2024-05,True,Tersedia
2024-06,True,Tersedia
2024-07,True,Tersedia
2024-08,True,Tersedia
2024-09,True,Tersedia
2024-10,True,Tersedia
2024-11,True,Tersedia
2024-12,False,Tidak tersedia
2025-01,True,Tersedia
2025-02,True,Tersedia
2025-03,True,Tersedia
2025-04,True,Tersedia
2025-05,True,Tersedia
2025-06,True,Tersedia
2025-07,False,Tidak tersedia
2025-08,True,Tersedia
2025-09,True,Tersedia
2025-10,True,Tersedia
2025-11,True,Tersedia
